{"metadata":{"asset_id":"7550f6b9-0852-459b-bd9d-ba96a6e8370b","asset_attributes":["notebook"],"name":"Final_Assigment copy","asset_type":"notebook","created_at":"2024-10-04T11:46:15Z","description":"","origin_country":"us","owner_id":"IBMid-692000JD9F","project_id":"d087dcc3-e6ff-41fc-824d-e5768b8d374d","size":814154,"tags":["notebook"],"usage":{"last_update_time":1728042377196,"last_updated_at":"2024-10-04T11:46:17Z"}},"entity":{"notebook":{"kernel":{"name":"python3","display_name":"Python 3.11","language":"python"},"originates_from":{"type":"notebook","guid":"390271ab-5803-471a-8e04-dbd201e0660c"},"runtime":{"environment":"rt241pys2-d087dcc3-e6ff-41fc-824d-e5768b8d374d"}},"location_definition":{"physical_location_code":"DAL","physical_location_code_assigned_by":"IBMid-692000JD9F","physical_location_code_rds_id":"c57cb90f-2126-3800-9c9f-9eab82021cdf","physical_location_code_rds_version":"00002024-1003-4233-8940-832384000000_4","physical_location_code_assignment_method":"INFERRED","physical_location_code_added_on":"1728042377193"}},"attachments":[{"id":"022dd715-bca5-49e6-9719-2353c5d5736f","version":2,"asset_type":"notebook","name":"attachment for notebook 7550f6b9-0852-459b-bd9d-ba96a6e8370b","description":"attachment for notebook 7550f6b9-0852-459b-bd9d-ba96a6e8370b","mime":"application/json","datasource_type":"193a97c1-4475-4a19-b90c-295c4fdc6517","object_key":"notebook/Final_Assigment_copy_d5DaEHLxl.ipynb","creator_id":"IBMid-692000JD9F","create_time":1728042377195,"size":814154,"is_remote":false,"is_managed":false,"is_referenced":true,"is_object_key_read_only":false,"is_user_provided_path_key":true,"transfer_complete":true,"is_partitioned":false,"complete_time_ticks":1728042377195,"user_data":{},"test_doc":0,"handle":{"bucket":"pythonbasicfordatascienceproject-donotdelete-pr-p98l9hciibiibk","location":"us-south","type":"bluemix_cos","key":"notebook/Final_Assigment_copy_d5DaEHLxl.ipynb","upload_id":"done","max_part_num":1},"usage":{"access_count":0,"last_accessor_id":"IBMid-692000JD9F","last_access_time":1728042377195}}]}
